,type,n_samples,n_test,time,accuracy,F1
0,standard,1000,500,-16.975437,100.0,1.0
1,EBR,1000,500,-11.223019,100.0,1.0
2,CDRM,1000,500,-14.914876,100.0,1.0
3,CDRM+EBR,1000,500,-9.910524,100.0,1.0
4,standard,10000,5000,-179.927729,100.0,1.0
5,EBR,10000,5000,-98.457492,100.0,1.0
6,CDRM,10000,5000,-152.742313,100.0,1.0
7,CDRM+EBR,10000,5000,-86.715843,100.0,1.0
